{
  "C": 0.10892535442905467,
  "A": -0.011891523492658788,
  "phi": 62.473589540942534,
  "f": 0.00255034155673882,
  "scatter_std": 0.0020631376428099555,
  "scatter_mad": 0.0011646329767247738,
  "n_points": 2426,
  "x_range": [
    60790.154194488,
    61065.233878504
  ],
  "y_range": [
    0.09482570562223001,
    0.13123893175145335
  ]
}